"GEO_ID","NAME","B25004_001E","B25004_001M","B25004_002E","B25004_002M","B25004_003E","B25004_003M","B25004_004E","B25004_004M","B25004_005E","B25004_005M","B25004_006E","B25004_006M","B25004_007E","B25004_007M","B25004_008E","B25004_008M",
"Geography","Geographic Area Name","Estimate!!Total:","Margin of Error!!Total:","Estimate!!Total:!!For rent","Margin of Error!!Total:!!For rent","Estimate!!Total:!!Rented, not occupied","Margin of Error!!Total:!!Rented, not occupied","Estimate!!Total:!!For sale only","Margin of Error!!Total:!!For sale only","Estimate!!Total:!!Sold, not occupied","Margin of Error!!Total:!!Sold, not occupied","Estimate!!Total:!!For seasonal, recreational, or occasional use","Margin of Error!!Total:!!For seasonal, recreational, or occasional use","Estimate!!Total:!!For migrant workers","Margin of Error!!Total:!!For migrant workers","Estimate!!Total:!!Other vacant","Margin of Error!!Total:!!Other vacant",
"0400000US01","Alabama","322243","11723","49768","4966","10157","2052","17195","2897","11747","2460","68225","4779","396","334","164755","8421",
"0400000US02","Alaska","55712","3835","6632","1711","820","666","1377","665","1064","703","26906","1824","624","499","18289","2528",
"0400000US04","Arizona","316703","11630","70784","5692","10619","2689","23161","3466","7969","2188","137247","6146","1403","706","65520","5523",
"0400000US05","Arkansas","174275","7627","26352","3421","5546","1872","8833","2066","13485","2333","35037","3534","354","354","84668","4936",
"0400000US06","California","1079379","19306","273029","11402","43951","4316","61202","4374","55424","4999","334566","10287","2710","1042","308497","11183",
"0400000US08","Colorado","182219","8568","40653","4610","7392","1916","14483","3138","4245","1209","75848","4088","1140","929","38458","3955",
"0400000US09","Connecticut","98822","6161","21871","3471","4362","1541","4983","1342","4139","1739","26363","3617","0","225","37104","3905",
"0400000US10","Delaware","64111","3905","8913","1775","920","550","3393","1160","1990","883","36325","2816","0","208","12570","2509",
"0400000US11","District of Columbia","39013","4510","14166","2843","2229","1237","2693","1001","917","571","2533","1177","0","247","16475","2484",
"0400000US12","Florida","1488170","29237","271527","13265","30928","4246","107003","9095","54118","6122","741429","18938","4682","1668","278483","13428",
"0400000US13","Georgia","448064","13658","120750","7873","22113","3978","27988","3382","11712","2122","81443","5484","331","313","183727","7543",
"0400000US15","Hawaii","79673","6282","12095","2189","2325","869","2580","798","3171","1099","36624","4086","659","569","22219","3075",
"0400000US16","Idaho","80871","5823","10780","2496","3005","1281","7213","1883","2510","1130","39257","2698","572","477","17534","2816",
"0400000US17","Illinois","376685","12668","73290","5668","12332","2686","28927","3162","25276","3573","40140","3499","207","204","196513","8885",
"0400000US18","Indiana","250464","12005","45521","4607","14173","2796","17589","2710","12778","2332","39458","3898","19","33","120926","7646",
"0400000US19","Iowa","115049","8163","23431","3893","1758","910","8153","1719","3869","1004","21232","2889","370","388","56236","4958",
"0400000US20","Kansas","105627","6825","23798","3560","3684","1388","5598","1472","4169","1291","12430","1754","57","84","55891","4187",
"0400000US21","Kentucky","185548","8656","26410","3551","3975","1281","11520","2121","11163","2213","29810","3253","531","411","102139","7005",
"0400000US22","Louisiana","289917","8280","52844","4905","7889","1868","16031","2322","9126","1985","37213","3439","1651","871","165163","7167",
"0400000US23","Maine","149478","5106","6209","1417","2005","954","2950","905","1988","736","109834","3823","11","12","26481","2970",
"0400000US24","Maryland","186943","7121","39757","3813","7407","1904","12706","2357","8714","2062","52233","3660","0","228","66126","4433",
"0400000US25","Massachusetts","228049","9137","40159","4649","10155","2604","10379","2155","6599","2002","103553","5675","232","374","56972","5316",
"0400000US26","Michigan","537828","13100","66574","4813","13686","2823","21611","2797","23611","2836","234649","7316","889","526","176808","7596",
"0400000US27","Minnesota","233787","7826","40660","4767","4868","1509","12735","2360","6277","1291","116161","4105","580","316","52506","5122",
"0400000US28","Mississippi","182533","8137","26815","3284","3335","1160","9297","2096","2540","912","25415","3068","109","180","115022","6735",
"0400000US29","Missouri","295283","10513","43676","4750","11387","2451","16393","2484","16371","3581","67645","3425","156","196","139655","7006",
"0400000US30","Montana","70641","3525","7667","1942","1587","932","2594","812","1921","888","37257","2814","395","378","19220","2505",
"0400000US31","Nebraska","56509","4775","10638","2268","1357","894","3201","1112","1591","775","10572","2036","179","157","28971","3492",
"0400000US32","Nevada","126968","7220","38568","4379","4412","1451","7621","1607","3208","1311","35335","3574","0","236","37824","4136",
"0400000US33","New Hampshire","86509","4744","6299","1926","2459","1059","2742","1056","1169","807","58528","4358","226","287","15086","2575",
"0400000US34","New Jersey","272488","8182","49442","4556","7863","1958","15099","2559","8452","1980","120857","4898","0","226","70775","5041",
"0400000US35","New Mexico","116974","6085","18263","2605","1684","748","6437","1628","3137","982","36354","3689","155","171","50944","4177",
"0400000US36","New York","848837","18526","143289","8421","38585","5283","47600","5484","33305","3519","272284","8850","20511","2929","293263","11739",
"0400000US37","North Carolina","577150","13861","120612","7731","19516","3647","40920","4324","20982","2831","179075","7353","1889","852","194156","8654",
"0400000US38","North Dakota","31289","3073","4548","1336","482","541","2459","961","690","441","9262","1505","1040","948","12808","1939",
"0400000US39","Ohio","406846","14205","80867","6546","19649","3526","24190","3122","21060","3065","53943","4727","139","207","206998","9451",
"0400000US40","Oklahoma","196679","5314","35003","3070","4340","1098","13491","1867","10618","1459","28296","1988","304","190","104627","4325",
"0400000US41","Oregon","152581","7292","34949","4214","4700","1430","12155","2277","6231","1883","53689","3923","398","370","40459","4305",
"0400000US42","Pennsylvania","499596","11893","84744","5413","21746","3402","23113","2986","25927","3330","133179","5015","619","443","210268","9167",
"0400000US44","Rhode Island","39693","4149","6480","1751","2039","963","1187","755","403","439","14744","2206","0","244","14840","2736",
"0400000US45","South Carolina","308420","11163","53357","5457","9436","2256","13246","2599","7469","2021","101368","6206","540","583","123004","7246",
"0400000US46","South Dakota","41403","3635","9280","2094","612","477","4106","1506","801","527","10649","1705","366","426","15589","2068",
"0400000US47","Tennessee","315189","12549","69998","6139","10563","2436","17607","2599","14974","2901","55084","4622","544","376","146419","9041",
"0400000US48","Texas","1166967","23105","403162","16195","51155","5172","95361","6553","44795","5118","171352","7730","2017","816","399125","12858",
"0400000US49","Utah","98778","7004","23578","3747","2814","1166","8589","2436","4164","1585","37652","2894","445","468","21536","3487",
"0400000US50","Vermont","57618","3152","1686","936","718","601","558","377","828","507","45148","2203","191","238","8489","1691",
"0400000US51","Virginia","296904","13056","51506","4494","16820","2930","16838","3066","20032","2839","72919","5113","903","675","117886","6552",
"0400000US53","Washington","232900","9494","59338","5476","12760","2681","15971","2508","9068","2277","75113","4756","1128","572","59522","5594",
"0400000US54","West Virginia","125593","7399","11090","2124","3170","1300","5898","1495","3904","1107","24975","3135","56","93","76500","5202",
"0400000US55","Wisconsin","285340","9006","36920","4064","8358","1913","10570","2202","6792","2079","162570","5692","170","129","59960","5241",
"0400000US56","Wyoming","25500","2689","2567","970","901","634","1902","977","389","322","10346","1964","144","219","9251","1752",
"0400000US72","Puerto Rico","374354","8445","27179","2743","4213","1131","9352","1821","6944","1350","89178","4847","62","106","237426","6862",
